"0","# fitting the confidence intervals with robust standard errors
# however, we are not necessarily going to be interpreting the parameters from this model
# (though they are discrete-time hazard ratios)
tbl_regression(glm_mod, exponentiate = TRUE, include = -contains(""splines""),
               tidy_fun = partial(tidy_robust, vcov_type = ""HC3"", ci_method = ""wald""))
"
"1","tidy_robust(): Robust estimation with
`parameters::model_parameters(model = x, ci = 0.95, robust = TRUE, vcov_type = ""HC3"", ci_method = ""wald"")`

"
