"0","# this next figure requires the marginaleffects package to use the comparisons function, as above"
"0","# the code is a bit complicated because we have to do it week-by-week"
"0","map_dfr(5:19, ~{"
"0","  comparisons(cox_mod_adjusted, "
"0","              newdata = filter(expanded_data_censored_confounded, exposed == 0, time_zero == .x), "
"0","            variables = ""exposed"", type = ""lp"") %>%"
"0","    summary(transform_avg = exp) %>% "
"0","    mutate(time_zero = .x)"
"0","}) %>% "
"0","  ggplot(aes(x = time_zero, y = estimate, ymin = conf.low, ymax = conf.high)) +"
"0","  geom_hline(yintercept = 1, linetype = ""dashed"", color = ""darkgrey"") +"
"0","  geom_point() +"
"0","  geom_errorbar() +"
"0","  scale_y_log10() +"
"0","  labs(y = ""Hazard ratio"", x = ""Week of infection"")"
