{"chunk_definitions":[{"row":84,"row_count":1,"visible":true,"expansion_state":0,"options":{"engine":"r","label":"setup","include":false},"document_id":"BA83AFE6","chunk_id":"csetup_chunk","chunk_label":"setup"},{"row":104,"row_count":1,"visible":true,"expansion_state":0,"options":{"engine":"r","message":true,"label":"unnamed-chunk-4"},"document_id":"BA83AFE6","chunk_id":"czlqv0l8ld0xl","chunk_label":"unnamed-chunk-1"},{"row":117,"row_count":1,"visible":true,"expansion_state":0,"options":{"engine":"r","label":"unnamed-chunk-5"},"document_id":"BA83AFE6","chunk_id":"cl2uljyvrh4fg","chunk_label":"unnamed-chunk-2"},{"row":123,"row_count":1,"visible":true,"expansion_state":0,"options":{"engine":"r","label":"unnamed-chunk-6"},"document_id":"BA83AFE6","chunk_id":"cx1mv0vaa6tsk","chunk_label":"unnamed-chunk-3"},{"row":141,"row_count":1,"visible":true,"expansion_state":0,"options":{"engine":"r","label":"unnamed-chunk-8"},"document_id":"BA83AFE6","chunk_id":"cqy3lzjjzfcel","chunk_label":"unnamed-chunk-4"},{"row":147,"row_count":1,"visible":true,"expansion_state":0,"options":{"engine":"r","label":"unnamed-chunk-9"},"document_id":"BA83AFE6","chunk_id":"c40cvktymemdd","chunk_label":"unnamed-chunk-5"},{"row":166,"row_count":1,"visible":true,"expansion_state":0,"options":{"engine":"r","label":"unnamed-chunk-10"},"document_id":"BA83AFE6","chunk_id":"c1x6d9hepkc3j","chunk_label":"unnamed-chunk-7"},{"row":177,"row_count":1,"visible":true,"expansion_state":0,"options":{"engine":"r","label":"unnamed-chunk-12"},"document_id":"BA83AFE6","chunk_id":"c7aq7uju2dm4b","chunk_label":"unnamed-chunk-8"},{"row":227,"row_count":1,"visible":true,"expansion_state":0,"options":{"engine":"r","label":"unnamed-chunk-16"},"document_id":"BA83AFE6","chunk_id":"cyobr5dhdlklf","chunk_label":"unnamed-chunk-9"},{"row":234,"row_count":1,"visible":true,"expansion_state":0,"options":{"engine":"r","label":"unnamed-chunk-17"},"document_id":"BA83AFE6","chunk_id":"cp5xfyr1fbuda","chunk_label":"unnamed-chunk-10"},{"row":248,"row_count":1,"visible":true,"expansion_state":0,"options":{"engine":"r","label":"unnamed-chunk-20"},"document_id":"BA83AFE6","chunk_id":"cqnzqvz95herd","chunk_label":"unnamed-chunk-11"},{"row":262,"row_count":1,"visible":true,"expansion_state":0,"options":{"engine":"r","label":"unnamed-chunk-21"},"document_id":"BA83AFE6","chunk_id":"cuamaogq76job","chunk_label":"unnamed-chunk-12"},{"row":308,"row_count":1,"visible":true,"expansion_state":0,"options":{"engine":"r","label":"unnamed-chunk-25"},"document_id":"BA83AFE6","chunk_id":"cg8mvzuxx3b0c","chunk_label":"unnamed-chunk-13"},{"row":331,"row_count":1,"visible":true,"expansion_state":0,"options":{"engine":"r","label":"unnamed-chunk-29"},"document_id":"BA83AFE6","chunk_id":"cs8rdp50y4txl","chunk_label":"unnamed-chunk-14"},{"row":366,"row_count":1,"visible":true,"expansion_state":0,"options":{"engine":"r","label":"unnamed-chunk-31"},"document_id":"BA83AFE6","chunk_id":"chmbrxha7fqer","chunk_label":"unnamed-chunk-15"},{"row":377,"row_count":1,"visible":true,"expansion_state":0,"options":{"engine":"r","label":"unnamed-chunk-34"},"document_id":"BA83AFE6","chunk_id":"chr7jxoz2q9mh","chunk_label":"unnamed-chunk-16"},{"row":390,"row_count":1,"visible":true,"expansion_state":0,"options":{"engine":"r","label":"unnamed-chunk-35"},"document_id":"BA83AFE6","chunk_id":"cjj07v69rve9t","chunk_label":"unnamed-chunk-17"},{"row":409,"row_count":1,"visible":true,"expansion_state":0,"options":{"engine":"r","label":"unnamed-chunk-36"},"document_id":"BA83AFE6","chunk_id":"cxnaj8ixntdr5","chunk_label":"unnamed-chunk-18"},{"row":420,"row_count":1,"visible":true,"expansion_state":0,"options":{"engine":"r","label":"unnamed-chunk-39"},"document_id":"BA83AFE6","chunk_id":"cqashm8rgfj4z","chunk_label":"unnamed-chunk-19"},{"row":431,"row_count":1,"visible":true,"expansion_state":0,"options":{"engine":"r","label":"unnamed-chunk-41"},"document_id":"BA83AFE6","chunk_id":"c3r73awsczzma","chunk_label":"unnamed-chunk-20"},{"row":461,"row_count":1,"visible":true,"expansion_state":0,"options":{"engine":"r","label":"unnamed-chunk-48"},"document_id":"BA83AFE6","chunk_id":"c77z62aar126m","chunk_label":"unnamed-chunk-21"},{"row":483,"row_count":1,"visible":true,"expansion_state":0,"options":{"engine":"r","label":"unnamed-chunk-56"},"document_id":"BA83AFE6","chunk_id":"cz3y0i3pu2d83","chunk_label":"unnamed-chunk-22"},{"row":497,"row_count":1,"visible":true,"expansion_state":0,"options":{"engine":"r","label":"unnamed-chunk-58"},"document_id":"BA83AFE6","chunk_id":"cjvh1i0j56t56","chunk_label":"unnamed-chunk-23"},{"row":522,"row_count":1,"visible":true,"expansion_state":0,"options":{"engine":"r","label":"unnamed-chunk-61"},"document_id":"BA83AFE6","chunk_id":"cv2zv2p30mxnt","chunk_label":"unnamed-chunk-24"},{"row":534,"row_count":1,"visible":true,"expansion_state":0,"options":{"engine":"r","label":"unnamed-chunk-62"},"document_id":"BA83AFE6","chunk_id":"cx07u5blnaz9j","chunk_label":"unnamed-chunk-25"},{"row":547,"row_count":1,"visible":true,"expansion_state":0,"options":{"engine":"r","label":"unnamed-chunk-63"},"document_id":"BA83AFE6","chunk_id":"cd7fkpiden8s4","chunk_label":"unnamed-chunk-26"},{"row":560,"row_count":1,"visible":true,"expansion_state":0,"options":{"engine":"r","label":"unnamed-chunk-64"},"document_id":"BA83AFE6","chunk_id":"c6iwjo5y259kt","chunk_label":"unnamed-chunk-27"},{"row":618,"row_count":1,"visible":true,"expansion_state":0,"options":{"engine":"r","label":"unnamed-chunk-69"},"document_id":"BA83AFE6","chunk_id":"crlc2qmvqo5fl","chunk_label":"unnamed-chunk-28"},{"row":636,"row_count":1,"visible":true,"expansion_state":0,"options":{"engine":"r","label":"unnamed-chunk-71"},"document_id":"BA83AFE6","chunk_id":"cz54j188xl7qj","chunk_label":"unnamed-chunk-29"},{"row":661,"row_count":1,"visible":true,"expansion_state":0,"options":{"engine":"r","label":"unnamed-chunk-74"},"document_id":"BA83AFE6","chunk_id":"cpma6t8dry1cj","chunk_label":"unnamed-chunk-30"},{"row":687,"row_count":1,"visible":true,"expansion_state":0,"options":{"engine":"r","label":"unnamed-chunk-75"},"document_id":"BA83AFE6","chunk_id":"cuqj8yb3efi8u","chunk_label":"unnamed-chunk-31"},{"row":738,"row_count":1,"visible":true,"expansion_state":0,"options":{"engine":"r","label":"unnamed-chunk-81"},"document_id":"BA83AFE6","chunk_id":"com4mtohzb2kt","chunk_label":"unnamed-chunk-32"},{"row":746,"row_count":1,"visible":true,"expansion_state":0,"options":{"engine":"r","label":"unnamed-chunk-82"},"document_id":"BA83AFE6","chunk_id":"cn5qlfzakm67i","chunk_label":"unnamed-chunk-33"},{"row":830,"row_count":1,"visible":true,"expansion_state":0,"options":{"engine":"r","label":"unnamed-chunk-83"},"document_id":"BA83AFE6","chunk_id":"ct2x99ydl25wq","chunk_label":"unnamed-chunk-34"},{"row":867,"row_count":1,"visible":true,"expansion_state":0,"options":{"engine":"r","label":"unnamed-chunk-85"},"document_id":"BA83AFE6","chunk_id":"c33y5dbw3kbvt","chunk_label":"unnamed-chunk-35"}],"doc_write_time":1655134193,"working_dir":null,"default_chunk_options":{"error":false,"echo":true,"message":false,"warning":false,"cache":true,"fig.height":6.0,"fig.width":10.0}}