"0","# these options tell R Markdown what to include in the output"
"0","knitr::opts_chunk$set(echo = TRUE, message = FALSE, warning = FALSE, error = FALSE,"
"0","                      cache = TRUE, fig.height = 6, fig.width = 10)"
"0",""
"0","#### R PACKAGES ####"
"0","library(tidyverse)"
"2","Registered S3 methods overwritten by 'dbplyr':
  method         from
  print.tbl_lazy     
  print.tbl_sql      
"
"2","[30m── [1mAttaching packages[22m ──────────────────────────────────────────────────────────────────────────── tidyverse 1.3.1 ──[39m
"
"2","[30m[32m✔[30m [34mggplot2[30m 3.3.6     [32m✔[30m [34mpurrr  [30m 0.3.4
[32m✔[30m [34mtibble [30m 3.1.7     [32m✔[30m [34mdplyr  [30m 1.0.9
[32m✔[30m [34mtidyr  [30m 1.2.0     [32m✔[30m [34mstringr[30m 1.4.0
[32m✔[30m [34mreadr  [30m 2.1.2     [32m✔[30m [34mforcats[30m 0.5.1[39m
"
"2","[30m── [1mConflicts[22m ─────────────────────────────────────────────────────────────────────────────── tidyverse_conflicts() ──
[31m✖[30m [34mdplyr[30m::[32mfilter()[30m masks [34mstats[30m::filter()
[31m✖[30m [34mdplyr[30m::[32mlag()[30m    masks [34mstats[30m::lag()[39m
"
"0","library(survival)"
"0","library(gtsummary)"
"2","#BlackLivesMatter
"
"0","#### UNCOMMENT THESE LINES TO INSTALL SOME ADDITIONAL PACAKGES IN ORDER TO KNIT THE WHOLE DOCUMENT!"
"0","# install.packages(c(""parameters"", ""rsample""))"
"0","# remotes::install_github(""vincentarelbundock/marginaleffects"")"
"0",""
"0","# make the ggplot figures look more like the ones in the slides"
"0","theme_set(theme_minimal())"
"0",""
"0","#### HELPFUL FUNCTIONS ####"
"0",""
"0","# this function takes a survival::survfit object (fit) and numeric"
"0","# values (times) at which to estimate survival"
"0","get_km_summary <- function(fit, times, numeric_strata = FALSE, ...) {"
"0","  summ <- summary(fit, times = times, extend = TRUE)"
"0","  res <- tibble("
"0","    time = summ$time,"
"0","    n.risk = summ$n.risk,"
"0","    surv = summ$surv,"
"0","    conf.lower = summ$lower,"
"0","    conf.upper = summ$upper,"
"0","    risk = 1 - surv"
"0","  )"
"0","  split_names <- str_split(names(fit$strata), ""=|, "")"
"0","  var_names <- split_names[[1]][seq(1, length(split_names[[1]]), 2)]"
"0","  var_vals <- map((1:length(var_names))*2, ~map_chr(split_names, pluck, .x))"
"0","  if (length(numeric_strata) == 1 & length(numeric_strata) < length(var_names))"
"0","    numeric_strata <- rep(numeric_strata[1], length(var_names))"
"0",""
"0","  new_name <- as_tibble(set_names(var_vals, var_names)) %>%"
"0","    mutate(old_name = names(fit$strata))"
"0","  res$old_name <- summ$strata"
"0","  res <- left_join(res, new_name, by = ""old_name"") %>%"
"0","    select(-old_name)"
"0",""
"0","  for (i in seq_along(var_names)) {"
"0","    if (all(var_vals[[i]] %in% c(""0"", ""1"")) | numeric_strata[i]) {"
"0","      res[[var_names[i]]] <- parse_number(res[[var_names[i]]])"
"0","    }"
"0","  }"
"0","  res"
"0","}"
"0",""
"0","# this function just makes a pretty 2x2 table, but is"
"0","# specific to the variables in the data"
"0","sab_2x2 <- function(dat) {"
"0","  dat %>%"
"0","    mutate("
"0","      sab = factor(sab, labels = c(""Yes"", ""No""), levels = c(1, 0)),"
"0","      exposed_while_pregnant = factor(exposed_while_pregnant,"
"0","        labels = c(""Yes"", ""No""), levels = c(1, 0)"
"0","      )"
"0","    ) %>%"
"0","    tbl_cross(sab, exposed_while_pregnant,"
"0","      percent = ""column"","
"0","      label = list("
"0","        exposed_while_pregnant ~ ""COVID during pregnancy"","
"0","        sab ~ ""Spontaneous abortion"""
"0","      )"
"0","    ) %>%"
"0","    modify_header(list(label ~ """"))"
"0","}"
"0",""
"0","ids_of_interest <- c(712, 4603, 8527, 9493)"
